{
  "model_name": "gpt2_medium",
  "gradient_size_mb": 1353.5,
  "num_params": 354823168,
  "num_shards": 4,
  "memory_mb": 2048,
  "num_clients": 20,
  "num_warm_invocations": 14,
  "wall_clock_ms": {
    "mean": 121679.67741007202,
    "std": 14531.5289303673
  },
  "aggregation_ms": {
    "mean": 114285.67382049999,
    "std": 13487.395937366631
  },
  "s3_read_ms": {
    "mean": 112978.05935835702,
    "std": 13483.072053084443
  },
  "compute_ms": {
    "mean": 1325.6916292141998,
    "std": 10.280589816219692
  },
  "cost_per_invocation": {
    "mean": 0.015290120318913022,
    "std": 0.0017983230549544677
  },
  "cost_per_1000_rounds": 15.290120318913022,
  "all_results": [
    {
      "round_id": 0,
      "rep": 0,
      "wall_clock_ms": 112912.29224899871,
      "max_shard_agg_ms": 107985.51588899999,
      "shard_agg_times_ms": [
        104249.24986500002,
        104418.69246499999,
        106338.64317200001,
        107985.51588899999
      ],
      "shard_s3_read_times_ms": [
        102946.87339400002,
        103116.97938399987,
        105034.05344300001,
        106706.68089399999
      ],
      "shard_compute_times_ms": [
        1302.376470999996,
        1301.7130810001108,
        1304.5897289999994,
        1278.8349949999974
      ],
      "cost": {
        "lambda_compute": 0.014398097581337569,
        "s3_io": 5.2000000000000004e-05,
        "total": 0.014450097581337569
      },
      "cold_start": true
    },
    {
      "round_id": 0,
      "rep": 1,
      "wall_clock_ms": 111299.48707400035,
      "max_shard_agg_ms": 107813.14937799993,
      "shard_agg_times_ms": [
        98211.65050899998,
        98995.98802400002,
        103836.29264999999,
        107813.14937799993
      ],
      "shard_s3_read_times_ms": [
        96905.35967099998,
        97720.00147099991,
        102530.30191200005,
        106514.83539300045
      ],
      "shard_compute_times_ms": [
        1306.2908380000008,
        1275.9865530001116,
        1305.990737999935,
        1298.3139849994768
      ],
      "cost": {
        "lambda_compute": 0.014375115333906494,
        "s3_io": 5.2000000000000004e-05,
        "total": 0.014427115333906494
      },
      "cold_start": false
    },
    {
      "round_id": 0,
      "rep": 2,
      "wall_clock_ms": 122103.60219799622,
      "max_shard_agg_ms": 116645.00566200001,
      "shard_agg_times_ms": [
        96148.46149100004,
        105792.91824299998,
        115448.94400400005,
        116645.00566200001
      ],
      "shard_s3_read_times_ms": [
        94841.04308099995,
        104480.0992939999,
        114147.12075099988,
        115359.64141800003
      ],
      "shard_compute_times_ms": [
        1307.4184100000857,
        1312.8189490000805,
        1301.8232530001696,
        1285.3642439999821
      ],
      "cost": {
        "lambda_compute": 0.015552698526934847,
        "s3_io": 5.2000000000000004e-05,
        "total": 0.015604698526934847
      },
      "cold_start": false
    },
    {
      "round_id": 0,
      "rep": 3,
      "wall_clock_ms": 106799.289968003,
      "max_shard_agg_ms": 102900.10657600003,
      "shard_agg_times_ms": [
        91446.58842199993,
        95662.38868100004,
        96000.14481699998,
        102900.10657600003
      ],
      "shard_s3_read_times_ms": [
        90141.52268800007,
        94360.97618899998,
        94688.12870700037,
        101618.43038699999
      ],
      "shard_compute_times_ms": [
        1305.065733999858,
        1301.4124920000613,
        1312.016109999604,
        1281.676189000049
      ],
      "cost": {
        "lambda_compute": 0.01372004165016176,
        "s3_io": 5.2000000000000004e-05,
        "total": 0.01377204165016176
      },
      "cold_start": false
    },
    {
      "round_id": 0,
      "rep": 4,
      "wall_clock_ms": 115793.1552029986,
      "max_shard_agg_ms": 96807.87372299994,
      "shard_agg_times_ms": [
        94334.96759700005,
        95160.39170400007,
        96807.87372299994,
        90472.94283799999
      ],
      "shard_s3_read_times_ms": [
        93015.33174899976,
        93846.32756200017,
        95491.10967999967,
        89184.84973199997
      ],
      "shard_compute_times_ms": [
        1319.6358480002964,
        1314.064141999901,
        1316.7640430002648,
        1288.0931060000148
      ],
      "cost": {
        "lambda_compute": 0.012907742311832986,
        "s3_io": 5.2000000000000004e-05,
        "total": 0.012959742311832986
      },
      "cold_start": false
    },
    {
      "round_id": 1,
      "rep": 0,
      "wall_clock_ms": 127596.65103999578,
      "max_shard_agg_ms": 124122.48969099994,
      "shard_agg_times_ms": [
        99502.69737400004,
        100979.11454999985,
        110926.70998300002,
        124122.48969099994
      ],
      "shard_s3_read_times_ms": [
        98194.70009900021,
        99669.62946500075,
        109626.45157700001,
        122782.23245599952
      ],
      "shard_compute_times_ms": [
        1307.997274999827,
        1309.4850849991053,
        1300.258406000008,
        1340.2572350004193
      ],
      "cost": {
        "lambda_compute": 0.01654969839146391,
        "s3_io": 5.2000000000000004e-05,
        "total": 0.01660169839146391
      },
      "cold_start": false
    },
    {
      "round_id": 1,
      "rep": 1,
      "wall_clock_ms": 129120.97954600176,
      "max_shard_agg_ms": 125573.80970600001,
      "shard_agg_times_ms": [
        102668.80947100003,
        103982.69166600006,
        113834.25455100008,
        125573.80970600001
      ],
      "shard_s3_read_times_ms": [
        101358.44709799948,
        102670.10242599997,
        112544.64307099988,
        124248.37347300001
      ],
      "shard_compute_times_ms": [
        1310.3623730005493,
        1312.5892400000885,
        1289.611480000196,
        1325.4362330000004
      ],
      "cost": {
        "lambda_compute": 0.016743208113815924,
        "s3_io": 5.2000000000000004e-05,
        "total": 0.016795208113815924
      },
      "cold_start": false
    },
    {
      "round_id": 1,
      "rep": 2,
      "wall_clock_ms": 109951.09259700257,
      "max_shard_agg_ms": 106513.65779299999,
      "shard_agg_times_ms": [
        99140.08456500006,
        99919.997577,
        100417.88795600008,
        106513.65779299999
      ],
      "shard_s3_read_times_ms": [
        97832.274956,
        98606.57586300005,
        99127.81602700023,
        105183.85315599982
      ],
      "shard_compute_times_ms": [
        1307.8096090000618,
        1313.4217139999528,
        1290.0719289998524,
        1329.8046370001684
      ],
      "cost": {
        "lambda_compute": 0.014201849442708745,
        "s3_io": 5.2000000000000004e-05,
        "total": 0.014253849442708745
      },
      "cold_start": false
    },
    {
      "round_id": 1,
      "rep": 3,
      "wall_clock_ms": 102779.25444100401,
      "max_shard_agg_ms": 99348.91838499994,
      "shard_agg_times_ms": [
        89638.78070100008,
        89914.68746400005,
        97509.20997600009,
        99348.91838499994
      ],
      "shard_s3_read_times_ms": [
        88333.30909899973,
        88605.34067600031,
        96174.5159630002,
        98057.83241700055
      ],
      "shard_compute_times_ms": [
        1305.4716020003543,
        1309.3467879997334,
        1334.6940129998839,
        1291.0859679993882
      ],
      "cost": {
        "lambda_compute": 0.013246548944378227,
        "s3_io": 5.2000000000000004e-05,
        "total": 0.013298548944378227
      },
      "cold_start": false
    },
    {
      "round_id": 1,
      "rep": 4,
      "wall_clock_ms": 105715.91488800186,
      "max_shard_agg_ms": 100009.691277,
      "shard_agg_times_ms": [
        89436.69490700017,
        95522.04982199987,
        97931.15009899998,
        100009.691277
      ],