{
  "model_name": "gpt2_large",
  "gradient_size_mb": 2952.7,
  "num_params": 774030080,
  "num_shards": 4,
  "memory_mb": 3008,
  "num_clients": 20,
  "num_warm_invocations": 14,
  "wall_clock_ms": {
    "mean": 266942.3145893561,
    "std": 26127.95959302181
  },
  "aggregation_ms": {
    "mean": 257770.4011509284,
    "std": 26699.12485901214
  },
  "s3_read_ms": {
    "mean": 254896.24514821477,
    "std": 26694.529333151593
  },
  "compute_ms": {
    "mean": 2899.5943118565897,
    "std": 25.261505056007866
  },
  "cost_per_invocation": {
    "mean": 0.05053213785213061,
    "std": 0.005228589075380449
  },
  "cost_per_1000_rounds": 50.53213785213061,
  "all_results": [
    {
      "round_id": 0,
      "rep": 0,
      "wall_clock_ms": 314934.7377669983,
      "max_shard_agg_ms": 304789.672826,
      "shard_agg_times_ms": [
        233972.71529500006,
        266389.84169499995,
        291279.76491500007,
        304789.672826
      ],
      "shard_s3_read_times_ms": [
        231048.6850329998,
        263432.82661399996,
        288390.289271,
        301900.6629600001
      ],
      "shard_compute_times_ms": [
        2924.0302620002476,
        2957.0150809999905,
        2889.475644000049,
        2889.0098659999203
      ],
      "cost": {
        "lambda_compute": 0.059688096971046864,
        "s3_io": 5.2000000000000004e-05,
        "total": 0.05974009697104687
      },
      "cold_start": true
    },
    {
      "round_id": 0,
      "rep": 1,
      "wall_clock_ms": 278297.4115210018,
      "max_shard_agg_ms": 269572.816785,
      "shard_agg_times_ms": [
        244989.741977,
        252133.75634500006,
        260739.004969,
        269572.816785
      ],
      "shard_s3_read_times_ms": [
        242136.39397599996,
        249182.9653869994,
        257794.15280999985,
        266609.0290750003
      ],
      "shard_compute_times_ms": [
        2853.348001000035,
        2950.790958000667,
        2944.8521590001474,
        2963.787709999655
      ],
      "cost": {
        "lambda_compute": 0.052791448869749076,
        "s3_io": 5.2000000000000004e-05,
        "total": 0.05284344886974908
      },
      "cold_start": false
    },
    {
      "round_id": 0,
      "rep": 2,
      "wall_clock_ms": 295562.5455670015,
      "max_shard_agg_ms": 286807.489425,
      "shard_agg_times_ms": [
        261135.6856,
        262209.6807779999,
        262728.33699800004,
        286807.489425
      ],
      "shard_s3_read_times_ms": [
        258282.182263,
        259293.68565600066,
        259797.9749030004,
        283933.30028400046
      ],
      "shard_compute_times_ms": [
        2853.503337000002,
        2915.9951219992654,
        2930.3620949996402,
        2874.189140999515
      ],
      "cost": {
        "lambda_compute": 0.05616657901199586,
        "s3_io": 5.2000000000000004e-05,
        "total": 0.05621857901199586
      },
      "cold_start": false
    },
    {
      "round_id": 0,
      "rep": 3,
      "wall_clock_ms": 253146.94226099527,
      "max_shard_agg_ms": 243949.79711500002,
      "shard_agg_times_ms": [
        208251.0098060002,
        215053.6161340001,
        226382.39248700006,
        243949.79711500002
      ],
      "shard_s3_read_times_ms": [
        205355.3772700004,
        212128.59441299998,
        223516.11759900005,
        241049.04158100032
      ],
      "shard_compute_times_ms": [
        2895.6325359997863,
        2925.0217210001138,
        2866.2748880000145,
        2900.755533999705
      ],
      "cost": {
        "lambda_compute": 0.04777359748202471,
        "s3_io": 5.2000000000000004e-05,
        "total": 0.047825597482024716
      },
      "cold_start": false
    },
    {
      "round_id": 0,
      "rep": 4,
      "wall_clock_ms": 253809.1139390017,
      "max_shard_agg_ms": 245535.44271199984,
      "shard_agg_times_ms": [
        197835.7063410001,
        208236.98640499992,
        220585.281162,
        245535.44271199984
      ],
      "shard_s3_read_times_ms": [
        194948.80468600037,
        205368.68987299953,
        217675.65923899974,
        242632.13441900007
      ],
      "shard_compute_times_ms": [
        2886.9016549997323,
        2868.296532000386,
        2909.6219230002607,
        2903.3082929997763
      ],
      "cost": {
        "lambda_compute": 0.04808412036581503,
        "s3_io": 5.2000000000000004e-05,
        "total": 0.048136120365815036
      },
      "cold_start": false
    },
    {
      "round_id": 1,
      "rep": 0,
      "wall_clock_ms": 251421.31007200078,
      "max_shard_agg_ms": 243139.31335199982,
      "shard_agg_times_ms": [
        228366.26725600014,
        237064.8659599999,
        240103.3515460001,
        243139.31335199982
      ],
      "shard_s3_read_times_ms": [
        225510.6021619997,
        234199.06165700013,
        237229.61267099914,
        240276.96357499986
      ],
      "shard_compute_times_ms": [
        2855.665094000433,
        2865.804302999779,
        2873.7388750009704,
        2862.3497769999667
      ],
      "cost": {
        "lambda_compute": 0.04761487742766436,
        "s3_io": 5.2000000000000004e-05,
        "total": 0.047666877427664366
      },
      "cold_start": false
    },
    {
      "round_id": 1,
      "rep": 1,
      "wall_clock_ms": 235632.34466099675,
      "max_shard_agg_ms": 227382.15584299996,
      "shard_agg_times_ms": [
        206942.59205799995,
        208158.06916600012,
        221075.76139799994,
        227382.15584299996
      ],
      "shard_s3_read_times_ms": [
        204117.42254200022,
        205293.54920900188,
        218190.3219949995,
        224529.21585500054
      ],
      "shard_compute_times_ms": [
        2825.1695159997325,
        2864.519956998236,
        2885.4394030004332,
        2852.939987999416
      ],
      "cost": {
        "lambda_compute": 0.044529094577265206,
        "s3_io": 5.2000000000000004e-05,
        "total": 0.04458109457726521
      },
      "cold_start": false
    },
    {
      "round_id": 1,
      "rep": 2,
      "wall_clock_ms": 245495.3525549936,
      "max_shard_agg_ms": 236240.4123670001,
      "shard_agg_times_ms": [
        213437.536205,
        213469.56058799993,
        225395.36205600007,
        236240.4123670001
      ],
      "shard_s3_read_times_ms": [
        210562.0626509999,
        210635.08332400103,
        222528.92446200075,
        233403.749243
      ],
      "shard_compute_times_ms": [
        2875.473554000113,
        2834.4772639989096,
        2866.437593999319,
        2836.6631240001007
      ],
      "cost": {
        "lambda_compute": 0.0462638399493657,
        "s3_io": 5.2000000000000004e-05,
        "total": 0.0463158399493657
      },
      "cold_start": false
    },
    {
      "round_id": 1,
      "rep": 3,
      "wall_clock_ms": 230768.56482100266,
      "max_shard_agg_ms": 222381.04350899992,
      "shard_agg_times_ms": [
        205341.37133100012,
        209733.72988100027,
        215239.70087199996,
        222381.04350899992
      ],
      "shard_s3_read_times_ms": [
        202503.9841619996,
        206838.15370000002,
        212414.20186399954,
        219509.10828999986
      ],
      "shard_compute_times_ms": [
        2837.387169000518,
        2895.576181000244,
        2825.499008000421,
        2871.9352190000645
      ],
      "cost": {
        "lambda_compute": 0.043549708119754525,
        "s3_io": 5.2000000000000004e-05,
        "total": 0.04360170811975453
      },
      "cold_start": false
    },
    {
      "round_id": 1,
      "rep": 4,
      "wall_clock_ms": 245468.3859049983,
      "max_shard_agg_ms": 228552.49568199998,
      "shard_agg_times_ms": [
        202068.41186100018,
        225868.07213699966,
        227561.046928,
        228552.49568199998
      ],
      "shard_s3_read_times_ms": [
        199183.9025770014,
        222984.27746899915,
        224728.6169759982,
        225717.2374049992
      ],