{
  "experiment": "Lambda Validation for RQ1",
  "timestamp": "2026-04-16T12:54:52.723886",
  "config": {
    "bucket": "grads-sharding-exp-961341528585",
    "region": "us-east-1",
    "num_clients": 20,
    "num_rounds": 3,
    "num_reps": 5
  },
  "results": [
    {
      "model_name": "vgg16",
      "gradient_size_mb": 512.3,
      "num_params": 134301514,
      "num_shards": 4,
      "memory_mb": 3008,
      "num_clients": 20,
      "num_warm_invocations": 14,
      "wall_clock_ms": {
        "mean": 39851.192889143145,
        "std": 3931.5989698085955
      },
      "aggregation_ms": {
        "mean": 37564.094762714274,
        "std": 3174.2176900903937
      },
      "s3_read_ms": {
        "mean": 37037.21564299991,
        "std": 3184.7754775618964
      },
      "compute_ms": {
        "mean": 638.7903187143298,
        "std": 17.979123991622913
      },
      "cost_per_invocation": {
        "mean": 0.0074083166036353265,
        "std": 0.0006216188742112971
      },
      "cost_per_1000_rounds": 7.408316603635327,
      "all_results": [
        {
          "round_id": 0,
          "rep": 0,
          "wall_clock_ms": 50859.52804900444,
          "max_shard_agg_ms": 47734.37577499999,
          "shard_agg_times_ms": [
            40666.673655000064,
            41261.64463200001,
            42745.423361,
            47734.37577499999
          ],
          "shard_s3_read_times_ms": [
            40189.88519599952,
            40754.82639900005,
            42146.00658099999,
            47238.18966100006
          ],
          "shard_compute_times_ms": [
            476.7884590005415,
            506.81823299996177,
            599.4167800000141,
            496.18611399993097
          ],
          "cost": {
            "lambda_compute": 0.009348000618568011,
            "s3_io": 5.2000000000000004e-05,
            "total": 0.009400000618568011
          },
          "cold_start": true
        },
        {
          "round_id": 0,
          "rep": 1,
          "wall_clock_ms": 39956.267533001665,
          "max_shard_agg_ms": 38522.620585,
          "shard_agg_times_ms": [
            34548.01219700002,
            34865.719494000135,
            35502.288756000016,
            38522.620585
          ],
          "shard_s3_read_times_ms": [
            34050.12756900013,
            34390.20558099969,
            35009.591376000004,
            37864.771620999985
          ],
          "shard_compute_times_ms": [
            497.88462799989065,
            475.51391300044634,
            492.69738000001234,
            657.8489640000116
          ],
          "cost": {
            "lambda_compute": 0.00754402828592223,
            "s3_io": 5.2000000000000004e-05,
            "total": 0.00759602828592223
          },
          "cold_start": false
        },
        {
          "round_id": 0,
          "rep": 2,
          "wall_clock_ms": 36399.352503001865,
          "max_shard_agg_ms": 35024.32955399991,
          "shard_agg_times_ms": [
            34593.39618999996,
            34640.46350900003,
            34872.491853000014,
            35024.32955399991
          ],
          "shard_s3_read_times_ms": [
            34095.63253800013,
            34149.93673299989,
            34244.606385000014,
            34547.52236000036
          ],
          "shard_compute_times_ms": [
            497.7636519998341,
            490.52677600013703,
            627.8854680000004,
            476.8071939995498
          ],
          "cost": {
            "lambda_compute": 0.006858944922187391,
            "s3_io": 5.2000000000000004e-05,
            "total": 0.006910944922187391
          },
          "cold_start": false
        },
        {
          "round_id": 0,
          "rep": 3,
          "wall_clock_ms": 40925.76519499562,
          "max_shard_agg_ms": 38981.644976999974,
          "shard_agg_times_ms": [
            34775.793335,
            34972.480875999965,
            34897.72169299999,
            38981.644976999974
          ],
          "shard_s3_read_times_ms": [
            34277.31641499997,
            34496.25328399975,
            34246.956998999936,
            38488.32475999984
          ],
          "shard_compute_times_ms": [
            498.4769200000301,
            476.2275920002139,
            650.7646940000559,
            493.3202170001314
          ],
          "cost": {
            "lambda_compute": 0.0076339207424734445,
            "s3_io": 5.2000000000000004e-05,
            "total": 0.0076859207424734444
          },
          "cold_start": false
        },
        {
          "round_id": 0,
          "rep": 4,
          "wall_clock_ms": 39319.946133000485,
          "max_shard_agg_ms": 37963.95788999999,
          "shard_agg_times_ms": [
            34622.66747500002,
            34779.953994999974,
            34601.18073299986,
            37963.95788999999
          ],
          "shard_s3_read_times_ms": [
            34124.926366000065,
            34287.131183999976,
            34122.08291900038,
            37335.22896699998
          ],
          "shard_compute_times_ms": [
            497.7411089999514,
            492.8228109999982,
            479.09781399948406,
            628.7289230000097
          ],
          "cost": {
            "lambda_compute": 0.007434623289341838,
            "s3_io": 5.2000000000000004e-05,
            "total": 0.007486623289341838
          },
          "cold_start": false
        },
        {
          "round_id": 1,
          "rep": 0,
          "wall_clock_ms": 45925.70891200012,
          "max_shard_agg_ms": 44595.681235000025,
          "shard_agg_times_ms": [
            37369.727229000004,
            38832.368043999966,
            39047.03311600002,
            44595.681235000025
          ],
          "shard_s3_read_times_ms": [
            36700.93744499997,
            38336.9624550001,
            38554.40132700005,
            44117.79688699994
          ],
          "shard_compute_times_ms": [
            668.7897840000369,
            495.40558899986354,
            492.63178899997,
            477.8843480000869
          ],
          "cost": {
            "lambda_compute": 0.008733338375162655,
            "s3_io": 5.2000000000000004e-05,
            "total": 0.008785338375162655
          },
          "cold_start": false
        },
        {
          "round_id": 1,
          "rep": 1,
          "wall_clock_ms": 39424.31790699629,
          "max_shard_agg_ms": 38030.69067499996,
          "shard_agg_times_ms": [
            34919.09410800003,
            35309.68699699997,
            35499.52741499999,
            38030.69067499996
          ],
          "shard_s3_read_times_ms": [
            34426.12453799995,
            34673.43022300008,
            35003.82101899993,
            37556.36784399985
          ],
          "shard_compute_times_ms": [
            492.9695700000739,
            636.2567739998849,
            495.7063960000596,
            474.3228310001141
          ],
          "cost": {
            "lambda_compute": 0.007447691819208007,
            "s3_io": 5.2000000000000004e-05,
            "total": 0.007499691819208007
          },
          "cold_start": false
        },
        {
          "round_id": 1,
          "rep": 2,
          "wall_clock_ms": 36873.58494399814,
          "max_shard_agg_ms": 35092.87383600008,
          "shard_agg_times_ms": [
            34570.37873899998,
            34545.50515499994,
            34686.024868999935,
            35092.87383600008
          ],
          "shard_s3_read_times_ms": [
            33949.9251609999,
            34048.242859000144,
            34194.295696000154,
            34617.11275200014
          ],
          "shard_compute_times_ms": [
            620.4535780000806,
            497.26229599979706,
            491.72917299978144,
            475.76108399993973
          ],
          "cost": {
            "lambda_compute": 0.0068723682042589355,