{
  "experiment": "RQ3: Cross-Architecture Comparison on AWS Lambda",
  "timestamp": "2026-04-23T13:22:18.006329",
  "config": {
    "bucket": "grads-sharding-exp-961341528585",
    "region": "us-east-1",
    "num_clients": 20,
    "num_rounds": 3,
    "num_reps": 3,
    "lambda_max_memory_mb": 3008,
    "quick_mode": false
  },
  "models": {
    "synthetic_5gb": {
      "params": 1342177280,
      "grad_mb": 5120.0,
      "num_shards": 8
    }
  },
  "results": {
    "synthetic_5gb": {
      "grads_sharding": {
        "architecture": "grads_sharding",
        "feasible": true,
        "memory_mb": 2370,
        "num_warm_runs": 8,
        "wall_clock_s": {
          "mean": 299.4387923935428,
          "std": 9.501013540620008,
          "min": 286.7265519797802,
          "max": 315.09691352397203
        },
        "cost_per_round": {
          "total": {
            "mean": 0.08480009163876333,
            "std": 0.003513833948281386
          },
          "lambda_compute": {
            "mean": 0.08469609163876332
          },
          "s3_io": {
            "mean": 0.00010400000000000001
          }
        },
        "cost_per_1000_rounds": 84.80009163876333,
        "num_lambda_invocations": 8,
        "num_s3_gets": 160,
        "num_s3_puts": 8,
        "all_runs": [
          {
            "architecture": "grads_sharding",
            "wall_clock_s": 330.9492524638772,
            "max_shard_total_s": 325.789610958,
            "shard_durations_s": [
              278.1890020750001,
              286.46324893999997,
              275.327090927,
              282.6252263260001,
              274.74887802,
              252.47920660500006,
              325.789610958,
              294.192800553
            ],
            "s3_read_s": [
              259.7377604970002,
              277.19369114000006,
              266.03528273599994,
              273.3361581050001,
              265.47111178399996,
              243.06257866600004,
              316.38879114200006,
              281.3276567880001
            ],
            "compute_s": [
              2.4816305249997868,
              2.4463111339999273,
              2.4379188300001147,
              2.5384274909998794,
              2.4689263920000712,
              2.5134113770000113,
              2.4895375359999434,
              2.4670254489998342
            ],
            "s3_write_s": [
              15.941952628999957,
              6.794966036000005,
              6.826177298999937,
              6.722375468999985,
              6.780717502000016,
              6.874974846999976,
              6.882842942999957,
              10.370173228999988
            ],
            "s3_bytes_read": 107374202880,
            "num_lambda_invocations": 8,
            "num_s3_gets": 160,
            "num_s3_puts": 8,
            "memory_mb": 2370,
            "cost": {
              "lambda_compute": 0.08755651792905089,
              "s3_io": 0.00010400000000000001,
              "total": 0.0876605179290509
            },
            "round_id": 0,
            "rep": 0,
            "cold_start": true
          },
          {
            "architecture": "grads_sharding",
            "wall_clock_s": 297.527772475034,
            "max_shard_total_s": 297.4623307579999,
            "shard_durations_s": [
              269.06504395,
              288.137344832,
              297.4623307579999,
              270.69355612400005,
              291.167132562,
              252.9628815960001,
              267.998811357,
              252.45789131199996
            ],
            "s3_read_s": [
              259.76562474599973,
              275.3345103220003,
              288.0563253710003,
              260.7902462810002,
              281.3738037260001,
              243.35323960999995,
              258.70110348900005,
              243.26243052200027
            ],
            "compute_s": [
              2.504384518000279,
              2.4882462299997314,
              2.43693784099969,
              2.468504542999767,
              2.459273671999881,
              2.5319370610001215,
              2.470974500999887,
              2.4216069399996627
            ],
            "s3_write_s": [
              6.766404441999839,
              10.286319297000091,
              6.941322379000098,
              7.406630543000006,
              7.30631632099994,
              7.049611772999924,
              6.798248203999947,
              6.7452301270000135
            ],
            "s3_bytes_read": 107374202880,
            "num_lambda_invocations": 8,
            "num_s3_gets": 160,
            "num_s3_puts": 8,
            "memory_mb": 2370,
            "cost": {
              "lambda_compute": 0.08447558614164932,
              "s3_io": 0.00010400000000000001,
              "total": 0.08457958614164933
            },
            "round_id": 0,
            "rep": 1,
            "cold_start": false
          },
          {
            "architecture": "grads_sharding",
            "wall_clock_s": 288.76654674857855,
            "max_shard_total_s": 288.68045339900004,
            "shard_durations_s": [
              254.95795424100004,
              288.68045339900004,
              256.81674684099994,
              263.251651755,
              233.3186507580001,
              260.521459349,
              228.80220705299996,
              248.83161626499998
            ],
            "s3_read_s": [
              245.30040138999948,
              276.4377070850005,
              247.5481450729999,
              253.9993766719997,
              224.06907223199983,
              251.19281979200036,
              219.60112845899994,
              239.6598325460003
            ],
            "compute_s": [
              2.4790875690005123,
              2.5488121239995962,
              2.499725405000163,
              2.470481430000291,
              2.435424626000213,
              2.499095497999633,
              2.4716951039999913,
              2.4373121149997132
            ],
            "s3_write_s": [
              7.149926962999984,
              9.665552173999913,
              6.740782766999928,
              6.754048046000207,
              6.785669344999974,
              6.801112914999976,
              6.698816590999968,
              6.706653712999923
            ],
            "s3_bytes_read": 107374202880,
            "num_lambda_invocations": 8,
            "num_s3_gets": 160,
            "num_s3_puts": 8,
            "memory_mb": 2370,
            "cost": {
              "lambda_compute": 0.07850566405848432,
              "s3_io": 0.00010400000000000001,
              "total": 0.07860966405848432
            },
            "round_id": 0,
            "rep": 2,
            "cold_start": false
          },
          {
            "architecture": "grads_sharding",
            "wall_clock_s": 286.7265519797802,
            "max_shard_total_s": 286.65748081800007,
            "shard_durations_s": [
              271.66058476499984,
              281.63150785799996,
              239.21100467299993,
              286.65748081800007,
              259.3003981400001,
              251.14270342999998,
              277.77472004100014,
              264.81474476099993
            ],
            "s3_read_s": [
              262.38877641699924,
              259.22326202099987,
              229.99241540899948,
              273.4505941750001,
              249.39840648700056,
              241.92806431799954,
              268.4902645779998,
              255.4906108340001
            ],
            "compute_s": [
              2.532928456000718,
              2.483190031000049,
              2.470393050000439,
              2.4238411609999275,
              2.4999128009993683,
              2.4485668280003665,
              2.444640438000306,
              2.4944043679997776
            ],