{
  "gpt2_large": {
    "grads_sharding": {
      "architecture": "grads_sharding",
      "feasible": true,
      "memory_mb": 2665,
      "num_warm_runs": 8,
      "wall_clock_s": {
        "mean": 362.48529874533415,
        "std": 26.79267802682425,
        "min": 331.4629566408694,
        "max": 420.3229567706585
      },
      "cost_per_round": {
        "total": {
          "mean": 0.05885334332904832,
          "std": 0.002573026533493071
        },
        "lambda_compute": {
          "mean": 0.058801343329048315
        },
        "s3_io": {
          "mean": 5.2000000000000004e-05
        }
      },
      "cost_per_1000_rounds": 58.85334332904832,
      "num_lambda_invocations": 4,
      "num_s3_gets": 80,
      "num_s3_puts": 4,
      "all_runs": [
        {
          "architecture": "grads_sharding",
          "wall_clock_s": 366.7620344944298,
          "max_shard_total_s": 364.815434342,
          "shard_durations_s": [
            334.54493055800003,
            316.874119153,
            311.831565847,
            364.815434342
          ],
          "s3_read_s": [
            316.25011080600007,
            305.7178961499998,
            300.691948842,
            313.55010452700003
          ],
          "compute_s": [
            2.8247763959999475,
            2.9059021030001873,
            2.884029847000079,
            2.878107621999959
          ],
          "s3_write_s": [
            15.438033493999967,
            8.217569082000068,
            8.223452233000046,
            48.35451090699996
          ],
          "s3_bytes_read": 61922416640,
          "num_lambda_invocations": 4,
          "num_s3_gets": 80,
          "num_s3_puts": 4,
          "memory_mb": 2665,
          "cost": {
            "lambda_compute": 0.05760584475220615,
            "s3_io": 5.2000000000000004e-05,
            "total": 0.05765784475220615
          },
          "round_id": 0,
          "rep": 0,
          "cold_start": true
        },
        {
          "architecture": "grads_sharding",
          "wall_clock_s": 352.7005113251507,
          "max_shard_total_s": 352.637559498,
          "shard_durations_s": [
            352.637559498,
            302.0101604,
            331.24856805,
            335.82668217300005
          ],
          "s3_read_s": [
            339.7611612130002,
            290.95102699899996,
            315.057753007,
            324.7912120680001
          ],
          "compute_s": [
            2.8928055849998486,
            2.872762420000072,
            2.9100356059999513,
            2.8095005519999177
          ],
          "s3_write_s": [
            9.950978082000006,
            8.15436583799999,
            13.247995292000041,
            8.194091578999974
          ],
          "s3_bytes_read": 61922416640,
          "num_lambda_invocations": 4,
          "num_s3_gets": 80,
          "num_s3_puts": 4,
          "memory_mb": 2665,
          "cost": {
            "lambda_compute": 0.05733070898691237,
            "s3_io": 5.2000000000000004e-05,
            "total": 0.057382708986912376
          },
          "round_id": 0,
          "rep": 1,
          "cold_start": false
        },
        {
          "architecture": "grads_sharding",
          "wall_clock_s": 341.7245552651584,
          "max_shard_total_s": 341.6631639689999,
          "shard_durations_s": [
            292.080053045,
            312.0440778469999,
            331.95926117199997,
            341.6631639689999
          ],
          "s3_read_s": [
            281.012259247,
            300.94468719500014,
            320.3423902420001,
            330.61292190500035
          ],
          "compute_s": [
            2.8575004739999486,
            2.906930789999933,
            2.86508649599989,
            2.819912945999704
          ],
          "s3_write_s": [
            8.178236314999822,
            8.15986066000005,
            8.71910531399999,
            8.198383022000144
          ],
          "s3_bytes_read": 61922416640,
          "num_lambda_invocations": 4,
          "num_s3_gets": 80,
          "num_s3_puts": 4,
          "memory_mb": 2665,
          "cost": {
            "lambda_compute": 0.055423199580356255,
            "s3_io": 5.2000000000000004e-05,
            "total": 0.05547519958035626
          },
          "round_id": 0,
          "rep": 2,
          "cold_start": false
        },
        {
          "architecture": "grads_sharding",
          "wall_clock_s": 420.3229567706585,
          "max_shard_total_s": 420.25190070400004,
          "shard_durations_s": [
            352.3071002910001,
            342.15245630000004,
            420.25190070400004,
            367.24083361199996
          ],
          "s3_read_s": [
            330.7234942590003,
            331.0628971909998,
            409.1396401970005,
            330.1338811789999
          ],
          "compute_s": [
            2.826213311999709,
            2.8933439980000912,
            2.860924152999587,
            2.8755327110000053
          ],
          "s3_write_s": [
            18.725394526999935,
            8.163614977999941,
            8.219209019000118,
            34.19831155300017
          ],
          "s3_bytes_read": 61922416640,
          "num_lambda_invocations": 4,
          "num_s3_gets": 80,
          "num_s3_puts": 4,
          "memory_mb": 2665,
          "cost": {
            "lambda_compute": 0.06428077399207138,
            "s3_io": 5.2000000000000004e-05,
            "total": 0.06433277399207138
          },
          "round_id": 1,
          "rep": 0,
          "cold_start": false
        },
        {
          "architecture": "grads_sharding",
          "wall_clock_s": 372.34749859571457,
          "max_shard_total_s": 372.2763115759999,
          "shard_durations_s": [
            338.7067191909998,
            372.2763115759999,
            343.03024493600014,
            331.051877911
          ],
          "s3_read_s": [
            320.2155982580002,
            360.14314707000017,
            331.87892696699964,
            319.99058963200105
          ],
          "compute_s": [
            2.8967757549996804,
            2.8113697349997437,
            2.892545099000472,
            2.8523900699990463
          ],
          "s3_write_s": [
            15.561075312999947,
            9.289729793000106,
            8.225886859999719,
            8.176795636999941
          ],
          "s3_bytes_read": 61922416640,
          "num_lambda_invocations": 4,
          "num_s3_gets": 80,
          "num_s3_puts": 4,
          "memory_mb": 2665,
          "cost": {
            "lambda_compute": 0.06007822292933884,
            "s3_io": 5.2000000000000004e-05,
            "total": 0.060130222929338846
          },
          "round_id": 1,
          "rep": 1,
          "cold_start": false
        },
        {
          "architecture": "grads_sharding",
          "wall_clock_s": 358.6065348647535,
          "max_shard_total_s": 358.5447256139996,
          "shard_durations_s": [
            333.2016137139999,
            333.9804460789999,
            358.05985093000004,
            358.5447256139996
          ],
          "s3_read_s": [
            322.0680914939992,
            321.13638957799935,
            345.6125478290003,
            346.33939141200153
          ],
          "compute_s": [
            2.8783375560008153,
            2.8112672510005723,
            2.9097297029998117,
            2.8658581289982976
          ],
          "s3_write_s": [
            8.22304545399993,
            10.000832961000015,
            9.504017743000077,
            9.306901132999883
          ],
          "s3_bytes_read": 61922416640,
          "num_lambda_invocations": 4,
          "num_s3_gets": 80,
          "num_s3_puts": 4,
          "memory_mb": 2665,
          "cost": {
            "lambda_compute": 0.0600227662991679,
            "s3_io": 5.2000000000000004e-05,