{
  "model": "VGG-16",
  "gradient_mb": 512.3196182250977,
  "num_shards": 8,
  "shard_mb": 64.0399522781372,
  "memory_mb": 3008,
  "num_clients": 20,
  "num_warm_invocations": 14,
  "wall_clock_ms": {
    "mean": 26857.787055856927,
    "std": 4592.752902436543
  },
  "aggregation_ms": {
    "mean": 25599.596920071435,
    "std": 4298.169465012481
  },
  "s3_read_ms": {
    "mean": 25347.19215278575,
    "std": 4298.90824999714
  },
  "compute_ms": {
    "mean": 258.7642932143304,
    "std": 4.052932726265999
  },
  "s3_write_ms": {
    "mean": 1954.0668975714248,
    "std": 1569.2785006663798
  },
  "s3_ops_per_round": 168,
  "cost_per_round": {
    "lambda_compute": 0.010026528846712233,
    "s3_io": 0.00010400000000000001,
    "total": 0.010130528846712233
  },
  "cost_per_1k_rounds": 10.130528846712233,
  "cold_start_ms": 41548.53794600058,
  "s3_throughput_mbps": 50.53021407035728,
  "all_results": [
    {
      "round_id": 0,
      "rep": 0,
      "wall_clock_ms": 41548.53794600058,
      "max_shard_agg_ms": 38529.33269,
      "shard_agg_times_ms": [
        25885.83605399998,
        28579.012533999987,
        38529.33269,
        24401.308946,
        22283.789273999984,
        23415.16965599999,
        26156.808529,
        24066.225925
      ],
      "shard_s3_read_times_ms": [
        25629.284152000055,
        28324.57719800007,
        38272.700022,
        24143.64146600002,
        22031.463211000046,
        23153.38434099998,
        25902.608653000003,
        23808.469904999954
      ],
      "shard_compute_times_ms": [
        256.5519019999265,
        254.43533599991497,
        256.63266800000565,
        257.6674799999819,
        252.32606299993859,
        261.7853150000119,
        254.19987599999877,
        257.7560200000444
      ],
      "shard_s3_write_times_ms": [
        718.0432039999971,
        4467.082194,
        1230.3212470000062,
        697.0655459999904,
        719.6611649999909,
        716.1461379999992,
        753.8595879999974,
        738.9936399999897
      ],
      "cold_start": true
    },
    {
      "round_id": 0,
      "rep": 1,
      "wall_clock_ms": 31393.63614300055,
      "max_shard_agg_ms": 30553.03822699997,
      "shard_agg_times_ms": [
        22857.874806999975,
        30553.03822699997,
        17988.102063000013,
        29646.711423,
        19171.531337999993,
        20124.148973999992,
        23746.70492300001,
        21478.664195999983
      ],
      "shard_s3_read_times_ms": [
        22608.763273999983,
        30299.42117699997,
        17731.36707699996,
        29394.857212999796,
        18920.723786999984,
        19870.712256000017,
        23491.967224999997,
        21221.561372000055
      ],
      "shard_compute_times_ms": [
        249.11153299999205,
        253.61705000000075,
        256.73498600005405,
        251.85421000020506,
        250.80755100000897,
        253.43671799997537,
        254.73769800001173,
        257.10282399992866
      ],
      "shard_s3_write_times_ms": [
        1018.7477029999741,
        813.1534249999959,
        687.9639530000077,
        737.0732449999764,
        724.4234620000043,
        674.6584510000133,
        750.1509209999995,
        758.3857909999949
      ],
      "cold_start": false
    },
    {
      "round_id": 0,
      "rep": 2,
      "wall_clock_ms": 24169.77285699977,
      "max_shard_agg_ms": 23006.45090200001,
      "shard_agg_times_ms": [
        23006.45090200001,
        21716.507046000002,
        16426.161519999994,
        16914.10080099996,
        18073.631968,
        18280.054690000015,
        18064.974900999998,
        19187.891639000016
      ],
      "shard_s3_read_times_ms": [
        22749.459688999992,
        21463.125843000056,
        16169.14386100001,
        16664.762745999782,
        17816.833880999922,
        18024.116440000027,
        17814.185091000014,
        18937.07100899991
      ],
      "shard_compute_times_ms": [
        256.99121300001934,
        253.38120299994625,
        257.01765899998463,
        249.33805500017843,
        256.79808700007925,
        255.93824999998833,
        250.78980999998385,
        250.82063000010749
      ],
      "shard_s3_write_times_ms": [
        1141.1768699999811,
        846.8649769999956,
        5712.573415000008,
        1009.9595749999821,
        693.041074000007,
        732.6223620000007,
        712.360254999993,
        703.0688379999788
      ],
      "cold_start": false
    },
    {
      "round_id": 0,
      "rep": 3,
      "wall_clock_ms": 25059.053213999505,
      "max_shard_agg_ms": 23861.826441999994,
      "shard_agg_times_ms": [
        22836.238891000023,
        16338.522507999984,
        20880.670240999963,
        17045.58667499998,
        18269.379408999983,
        18308.806546,
        17053.593113000006,
        23861.826441999994
      ],
      "shard_s3_read_times_ms": [
        22579.950259999918,
        16082.996882999963,
        20626.60884000013,
        16791.827838999892,
        18014.416315000006,
        18057.21740700008,
        16795.03021699992,
        23612.54292199993
      ],
      "shard_compute_times_ms": [
        256.28863100010494,
        255.52562500002023,
        254.06140099983168,
        253.7588360000882,
        254.963093999977,
        251.58913899991967,
        258.56289600008677,
        249.2835200000627
      ],
      "shard_s3_write_times_ms": [
        1265.1160279999942,
        708.2533829999988,
        1066.5336469999716,
        706.7457459999673,
        722.5681920000113,
        732.4864539999965,
        675.5600950000087,
        1149.9319060000062
      ],
      "cold_start": false
    },
    {
      "round_id": 0,
      "rep": 4,
      "wall_clock_ms": 25823.45986799919,
      "max_shard_agg_ms": 25079.63876900004,
      "shard_agg_times_ms": [
        25079.63876900004,
        21684.59406300002,
        24019.261731,
        18422.012414000023,
        16572.47649200002,
        17720.18955200002,
        16067.080917,
        16293.424757999957
      ],
      "shard_s3_read_times_ms": [
        24831.70517700023,
        21430.024374000026,
        23767.170143999978,
        18167.352898000132,
        16318.613759000044,
        17447.195914000076,
        15809.683004999983,
        16038.683868999953
      ],
      "shard_compute_times_ms": [
        247.93359199981205,
        254.56968899999265,
        252.0915870000208,
        254.65951599989057,
        253.8627329999763,
        272.99363799994535,
        257.39791200001673,
        254.74088900000424
      ],
      "shard_s3_write_times_ms": [
        721.8092310000088,
        1484.3070439999906,
        815.7366740000214,
        695.4956669999888,
        726.9722399999807,
        721.6502090000176,
        676.3705509999909,
        702.8713860000266
      ],
      "cold_start": false
    },
    {
      "round_id": 1,
      "rep": 0,
      "wall_clock_ms": 33523.20472199972,
      "max_shard_agg_ms": 32208.163356,
      "shard_agg_times_ms": [
        27233.40594199999,
        32208.163356,
        27990.453089000028,
        24905.164221000006,
        24099.080818000006,
        24699.406312999996,
        27587.311817999987,
        24741.925263999976
      ],
      "shard_s3_read_times_ms": [
        26984.22781300002,
        31956.536115999996,
        27736.164493999924,
        24649.937842999945,
        23845.079798000028,
        24440.688067999956,
        27328.61755499994,
        24488.074387000095
      ],
      "shard_compute_times_ms": [
        249.1781289999708,
        251.62724000000526,
        254.28859500010367,
        255.22637800006123,
        254.00101999997787,
        258.71824500004004,
        258.6942630000485,
        253.8508769998807
      ],