{
  "model": "VGG-16",
  "gradient_mb": 512.3196182250977,
  "num_shards": 4,
  "shard_mb": 128.0799045562744,
  "memory_mb": 3008,
  "num_clients": 20,
  "num_warm_invocations": 14,
  "wall_clock_ms": {
    "mean": 59774.81600971428,
    "std": 7783.371981801549
  },
  "aggregation_ms": {
    "mean": 57280.81058742856,
    "std": 8382.035888426892
  },
  "s3_read_ms": {
    "mean": 56781.99920528585,
    "std": 8380.359066894905
  },
  "compute_ms": {
    "mean": 510.9477998570671,
    "std": 3.158164616965577
  },
  "s3_write_ms": {
    "mean": 3681.8983281428686,
    "std": 1998.4251270477564
  },
  "s3_ops_per_round": 84,
  "cost_per_round": {
    "lambda_compute": 0.011217514508355573,
    "s3_io": 5.2000000000000004e-05,
    "total": 0.011269514508355572
  },
  "cost_per_1k_rounds": 11.269514508355572,
  "cold_start_ms": 73881.00793599915,
  "s3_throughput_mbps": 45.11285490080153,
  "all_results": [
    {
      "round_id": 0,
      "rep": 0,
      "wall_clock_ms": 73881.00793599915,
      "max_shard_agg_ms": 69705.26643599999,
      "shard_agg_times_ms": [
        69204.93403700001,
        57167.17889400002,
        55384.17185599999,
        69705.26643599999
      ],
      "shard_s3_read_times_ms": [
        68676.832975,
        56668.86801599995,
        54882.915487999984,
        69211.69025600007
      ],
      "shard_compute_times_ms": [
        528.1010620000161,
        498.31087800006935,
        501.2563680000094,
        493.57617999991635
      ],
      "shard_s3_write_times_ms": [
        1571.4174839999941,
        6585.603034000031,
        1363.067792999999,
        2413.437122000005
      ],
      "cold_start": true
    },
    {
      "round_id": 0,
      "rep": 1,
      "wall_clock_ms": 69451.69287600038,
      "max_shard_agg_ms": 67395.034206,
      "shard_agg_times_ms": [
        63270.261099999996,
        53529.86325500001,
        67395.034206,
        61816.07108699998
      ],
      "shard_s3_read_times_ms": [
        62780.850697999995,
        53029.42985499996,
        66899.80412599993,
        61308.478662
      ],
      "shard_compute_times_ms": [
        489.41040200000134,
        500.43340000005264,
        495.23008000006666,
        507.5924249999807
      ],
      "shard_s3_write_times_ms": [
        2023.2201040000177,
        1368.0840279999984,
        2018.926855000018,
        1382.3815479999553
      ],
      "cold_start": false
    },
    {
      "round_id": 0,
      "rep": 2,
      "wall_clock_ms": 63439.69206200018,
      "max_shard_agg_ms": 61355.86664099998,
      "shard_agg_times_ms": [
        61355.86664099998,
        55330.92590799998,
        52427.01566,
        52593.72362199997
      ],
      "shard_s3_read_times_ms": [
        60860.99474599996,
        54840.612269999896,
        51918.349833000204,
        52091.2976959998
      ],
      "shard_compute_times_ms": [
        494.8718950000184,
        490.31363800008694,
        508.66582699979335,
        502.4259260001709
      ],
      "shard_s3_write_times_ms": [
        2055.8765270000094,
        1435.6142240000054,
        1306.6541849999567,
        1340.2371710000125
      ],
      "cold_start": false
    },
    {
      "round_id": 0,
      "rep": 3,
      "wall_clock_ms": 55983.11268799989,
      "max_shard_agg_ms": 52791.01573700001,
      "shard_agg_times_ms": [
        52791.01573700001,
        42122.50081000002,
        47054.970096000034,
        47956.124532000045
      ],
      "shard_s3_read_times_ms": [
        52292.201245000004,
        41632.90274500008,
        46552.730467,
        47436.16958899986
      ],
      "shard_compute_times_ms": [
        498.814492000005,
        489.5980649999401,
        502.23962900003244,
        519.9549430001862
      ],
      "shard_s3_write_times_ms": [
        3159.0030689999935,
        1393.8349519999633,
        1598.8027930000044,
        1360.3531139999632
      ],
      "cold_start": false
    },
    {
      "round_id": 0,
      "rep": 4,
      "wall_clock_ms": 59698.138005000146,
      "max_shard_agg_ms": 57852.231723999976,
      "shard_agg_times_ms": [
        40293.388389999964,
        47857.40039500007,
        57852.231723999976,
        47341.57506900004
      ],
      "shard_s3_read_times_ms": [
        39782.930756999915,
        47352.235191000145,
        57362.601342,
        46836.60907399991
      ],
      "shard_compute_times_ms": [
        510.4576330000491,
        505.1652039999244,
        489.6303819999739,
        504.9659950001296
      ],
      "shard_s3_write_times_ms": [
        1737.518150000028,
        6351.479581000035,
        1809.9382000000332,
        1647.6704380000342
      ],
      "cold_start": false
    },
    {
      "round_id": 1,
      "rep": 0,
      "wall_clock_ms": 66874.12583100013,
      "max_shard_agg_ms": 65165.66384700002,
      "shard_agg_times_ms": [
        62922.26889300002,
        65165.66384700002,
        53272.70485700006,
        57859.93208599996
      ],
      "shard_s3_read_times_ms": [
        62420.5758870001,
        64673.70234700013,
        52763.20852499998,
        57360.98876999995
      ],
      "shard_compute_times_ms": [
        501.6930059999213,
        491.9614999998885,
        509.4963320000825,
        498.9433160000044
      ],
      "shard_s3_write_times_ms": [
        1377.0109909999633,
        1677.3532400000022,
        6354.485325999917,
        1391.0231910000448
      ],
      "cold_start": false
    },
    {
      "round_id": 1,
      "rep": 1,
      "wall_clock_ms": 62317.42395200126,
      "max_shard_agg_ms": 59705.050503,
      "shard_agg_times_ms": [
        59705.050503,
        56803.281055000014,
        54924.387935999905,
        59231.77875599993
      ],
      "shard_s3_read_times_ms": [
        59214.76433499993,
        56298.98438799995,
        54425.780425000085,
        58718.37660799986
      ],
      "shard_compute_times_ms": [
        490.2861680000715,
        504.29666700006055,
        498.6075109998201,
        513.4021480000665
      ],
      "shard_s3_write_times_ms": [
        2580.5395270000417,
        1309.1988539999875,
        1385.4396230000248,
        1382.8497819999939
      ],
      "cold_start": false
    },
    {
      "round_id": 1,
      "rep": 2,
      "wall_clock_ms": 60668.98349300027,
      "max_shard_agg_ms": 58690.902239000025,
      "shard_agg_times_ms": [
        50747.49000600002,
        57738.82588799995,
        58690.902239000025,
        50209.53219900002
      ],
      "shard_s3_read_times_ms": [
        50258.12545899987,
        57229.257299000325,
        58179.962385000064,
        49709.709066000076
      ],
      "shard_compute_times_ms": [
        489.3645470001502,
        509.5685889996239,
        510.9398539999602,
        499.8231329999471
      ],
      "shard_s3_write_times_ms": [
        1327.4265260000675,
        1589.8087319999377,
        1945.9021979999989,
        1538.8170349999655
      ],
      "cold_start": false
    },
    {
      "round_id": 1,
      "rep": 3,
      "wall_clock_ms": 50097.11758099911,
      "max_shard_agg_ms": 48389.94881899998,
      "shard_agg_times_ms": [
        48008.666808000045,
        48389.94881899998,
        46756.237725000006,
        47935.09457700008
      ],
      "shard_s3_read_times_ms": [
        47497.625036000274,
        47890.91541899984,
        46266.93394099994,
        47436.21739899993
      ],
      "shard_compute_times_ms": [
        511.0417719997713,
        499.0334000001458,
        489.30378400006884,
        498.87717800015525
      ],
      "shard_s3_write_times_ms": [
        1357.7517630000102,
        1348.8425509999615,
        1683.2985300000018,
        2123.600330000045
      ],
      "cold_start": false
    },
    {
      "round_id": 1,
      "rep": 4,
      "wall_clock_ms": 52318.84877399898,
      "max_shard_agg_ms": 46056.83924800008,